index,table,name,valueType,unit,label:en,label:la,label:de,alias,Mlstr_area::Symptoms_signs,Mlstr_area::Non_pharmacological_interventions,Mlstr_area::Health_community_care_utilization,Mlstr_area::Sociodemographic_economic_characteristics,Mlstr_area::Social_environment,Mlstr_area::Medication_supplements,Mlstr_area::Preschool_school_work,Mlstr_area::Life_events_plans_beliefs,Mlstr_area::Lifestyle_behaviours,Mlstr_area::Cognitive_psychological_measures,Mlstr_area::End_of_life,Mlstr_area::Physical_measures,Mlstr_area::Health_status_functional_limitations,Mlstr_area::Reproduction,Mlstr_area::Diseases,Mlstr_area::Laboratory_measures,Mlstr_area::Physical_environment,Mlstr_area::Administrative_information,Mlstr_additional::Source,Mlstr_additional::Target
T2_CORE_001,T2_CORE,ID_no,integer,,ID-Number,ID-Number (corresponds to the ID_cohort in T3 and later survey),,,,,,,,,,,,,,,,,,,,Identifiers,Questionnaire,Participant
T2_CORE_002,T2_CORE,age_T2,decimal,,Age of the child [years],"Age of the child (Date of birth for the calculation of age was taken from T1 data (T0 data, if not available in T1)) [years]",,,,,,Age,,,,,,,,,,,,,,,Questionnaire,Participant
T2_CORE_003,T2_CORE,sex_child_T2,integer,,Sex of the child ,"Sex of the child (Taken from T1 data (T0 data, if not available in T1))",,,,,,Sex,,,,,,,,,,,,,,,Questionnaire,Participant
T2_CORE_004,T2_CORE,dofill_T2,date,,Date of filling in of the parental questionnaire,Date of filling in of the parental questionnaire,,,,,,,,,,,,,,,,,,,,Date_time_related_info,Questionnaire,Participant
T2_CORE_005,T2_CORE,weight_T2,decimal,,Weight [kg],Weight [kg],,,,,,,,,,,,,,Anthropo_measures,,,,,,,Questionnaire,Participant
T2_CORE_006,T2_CORE,doe_T2,date,,Examination Date,Date of Examination,,,,,,,,,,,,,,,,,,,,Date_time_related_info,Questionnaire,Participant
T2_CORE_007,T2_CORE,height_T2,decimal,,Height [cm],Height [cm],,,,,,,,,,,,,,Anthropo_measures,,,,,,,Questionnaire,Participant
T2_CORE_008,T2_CORE,waist_T2,decimal,,Waist [cm],Waist [cm],,,,,,,,,,,,,,Anthropo_measures,,,,,,,Questionnaire,Participant
T2_CORE_009,T2_CORE,pq_in_T2,integer,,Dataset in Parental Questionnaire?,Dataset in Parental Questionnaire?,,,,,,,,,,,,,,,,,,,,Questionnaire_interview_related_info,Questionnaire,Participant
T2_CORE_010,T2_CORE,ex_in_T2,integer,,Dataset in Examination Sheet,Dataset in Examination Sheet,,,,,,,,,,,,,,,,,,,,Questionnaire_interview_related_info,Questionnaire,Participant
T2_CORE_011,T2_CORE,gwas_in_T2,integer,,Available (successful) derived genotype of participant,Available (successful) derived genotype of participant,,,,,,,,,,,,,,,,,,Genomics,,Other_admin_info,Questionnaire,Participant
T2_CORE_012,T2_CORE,bmi_T2,decimal,,Body Mass Index [kg/m^2],Body Mass Index [kg/m^2],,,,,,,,,,,,,,Anthropo_measures,,,,,,,Questionnaire,Participant
T2_CORE_013,T2_CORE,country_T2,integer,,Country (Country-Code ),Country,,,,,,Residence,,,,,,,,,,,,,,,Questionnaire,Participant
T2_CORE_014,T2_CORE,center_T2,integer,,Center (Center Code ),Center,,,,,,,,,,,,,,,,,,,,Data_sample_center,Questionnaire,Participant
T2_CORE_015,T2_CORE,contr_interv_T2,integer,,Study group (Control or Intervention),Study group (Control or Intervention),,,,,,,,,,,,,,,,,,,,Other_admin_info,Questionnaire,Participant
T2_CORE_016,T2_CORE,bmi_cat_COLE_T2,integer,,BMI in categories by COLE,BMI in categories by COLE,,,,,,,,,,,,,,Anthropo_measures,,,,,,,Questionnaire,Participant
T2_CORE_017,T2_CORE,height_score_cole_T2,decimal,,Z-Scores for height according to Cole,Z-Scores for height according to Cole,,,,,,,,,,,,,,Anthropo_measures,,,,,,,Questionnaire,Participant
T2_CORE_018,T2_CORE,height_pct_cole_T2,decimal,,Height in percent of the distribution function according to Cole,Height in percent (Cole),,,,,,,,,,,,,,Anthropo_measures,,,,,,,Questionnaire,Participant
T2_CORE_019,T2_CORE,weight_score_cole_T2,decimal,,Z-Scores for weight according to Cole,Z-Scores for weight according to Cole,,,,,,,,,,,,,,Anthropo_measures,,,,,,,Questionnaire,Participant
T2_CORE_020,T2_CORE,weight_pct_cole_T2,decimal,,Weight in percent of the distribution function according to Cole,Weight in percent (Cole),,,,,,,,,,,,,,Anthropo_measures,,,,,,,Questionnaire,Participant
T2_CORE_021,T2_CORE,waist_score_cole_T2,decimal,,Z-Scores for waist according to Cole,Z-Scores for waist according to Cole,,,,,,,,,,,,,,Anthropo_measures,,,,,,,Questionnaire,Participant
T2_CORE_022,T2_CORE,waist_pct_cole_T2,decimal,,Waist in percent of the distribution function according to Cole,Waist in percent (Cole),,,,,,,,,,,,,,Anthropo_measures,,,,,,,Questionnaire,Participant
T2_CORE_023,T2_CORE,BMI_score_cole_T2,decimal,,Z-Scores for BMI according to Cole,Z-Scores for BMI according to Cole,,,,,,,,,,,,,,Anthropo_measures,,,,,,,Questionnaire,Participant
T2_CORE_024,T2_CORE,BMI_pct_cole_T2,decimal,,BMI in percent of the distribution function according to Cole ,BMI in percent (Cole),,,,,,,,,,,,,,Anthropo_measures,,,,,,,Questionnaire,Participant
T2_CORE_025,T2_CORE,bmi_cat_COLE_12_T2,integer,,BMI in categories by COLE (Extended definition; Cole 2012),BMI in categories by COLE (Extended definition; Cole 2012),,,,,,,,,,,,,,Anthropo_measures,,,,,,,Questionnaire,Participant
T2_CORE_026,T2_CORE,BMI_score_cole_12_T2,decimal,,Z-Scores for BMI according to Cole (Extended definition; Cole 2012),Z-Scores for BMI according to Cole (Extended definition; Cole 2012),,,,,,,,,,,,,,Anthropo_measures,,,,,,,Questionnaire,Participant
T2_CORE_027,T2_CORE,BMI_pct_cole_12_T2,decimal,,BMI in percent of the distribution function according to Cole (Extended definition; Cole 2012),BMI in percent of the distribution function according to Cole (Extended definition; Cole 2012),,,,,,,,,,,,,,Anthropo_measures,,,,,,,Questionnaire,Participant
T2_CORE_028,T2_CORE,att_bmi_cat_WHO_T2,integer,,BMI in categories by WHO,BMI in categories by WHO,,,,,,,,,,,,,,Anthropo_measures,,,,,,,Questionnaire,Participant
T2_CORE_029,T2_CORE,bmi_score_WHO_T2,decimal,,Z-score of BMI by WHO,z-score of BMI by WHO,,,,,,,,,,,,,,Anthropo_measures,,,,,,,Questionnaire,Participant
T2_CORE_030,T2_CORE,bmi_pct_WHO_T2,decimal,,BMI in percent of distribution function by WHO,BMI in percent of distribution function by WHO,,,,,,,,,,,,,,Anthropo_measures,,,,,,,Questionnaire,Participant
T2_CORE_031,T2_CORE,bmi_cat_WHO_5years_T2,integer,,BMI in categories by WHO for children older (>) than 5 years (based on the variable bmi_score_WHO_5years),BMI in categories by WHO for children older (>) than 5 years (based on the variable bmi_score_WHO_5years),,,,,,,,,,,,,,Anthropo_measures,,,,,,,Questionnaire,Participant
T2_CORE_032,T2_CORE,bmi_score_WHO_5years_T2,decimal,,Z-score of BMI by WHO for children older (>) than 5 years,z-score of BMI by WHO for children older (>) than 5 years,,,,,,,,,,,,,,Anthropo_measures,,,,,,,Questionnaire,Participant
T2_CORE_033,T2_CORE,weight_score_WHO_5years_T2,decimal,,Z-score of weight by WHO for children older (>) than 5 years,z-score of weight by WHO for children older (>) than 5 years,,,,,,,,,,,,,,Anthropo_measures,,,,,,,Questionnaire,Participant
T2_CORE_034,T2_CORE,height_score_WHO_5years_T2,decimal,,Z-score of height by WHO for children older (>) than 5 years,z-score of height by WHO for children older (>) than 5 years,,,,,,,,,,,,,,Anthropo_measures,,,,,,,Questionnaire,Participant
T2_CORE_035,T2_CORE,bmi_cat_CDC_T2,integer,,BMI in categories by CDC,BMI in categories by CDC,,,,,,,,,,,,,,Anthropo_measures,,,,,,,Questionnaire,Participant
T2_CORE_036,T2_CORE,bmi_score_CDC_T2,decimal,,Z-score of BMI by CDC,z-score of BMI by CDC,,,,,,,,,,,,,,Anthropo_measures,,,,,,,Questionnaire,Participant
T2_CORE_037,T2_CORE,bmi_adj_CDC_T2,decimal,,Adjusted bmi for age of 18 years,Adjusted bmi for age of 18 years,,,,,,,,,,,,,,Anthropo_measures,,,,,,,Questionnaire,Participant
T2_CORE_038,T2_CORE,bmi_pct_CDC_T2,decimal,,BMI in percent of distribution function by CDC,BMI in percent of distribution function by CDC,,,,,,,,,,,,,,Anthropo_measures,,,,,,,Questionnaire,Participant
T2_CORE_039,T2_CORE,bmi_cat2_CDC_T2,integer,,BMI in original categories by CDC,BMI in original categories by CDC,,,,,,,,,,,,,,Anthropo_measures,,,,,,,Questionnaire,Participant
T2_CORE_040,T2_CORE,hei_Score_CDC_T2,decimal,,Z-score of height by CDC,z-score of height by CDC,,,,,,,,,,,,,,Anthropo_measures,,,,,,,Questionnaire,Participant
T2_CORE_041,T2_CORE,hei_pct_CDC_T2,decimal,,Height in percent of distribution function by CDC,Height in percent of distribution function by CDC,,,,,,,,,,,,,,Anthropo_measures,,,,,,,Questionnaire,Participant
T2_CORE_042,T2_CORE,Height_cat_T2,integer,,Height in categories,Height in categories,,,,,,,,,,,,,,Anthropo_measures,,,,,,,Questionnaire,Participant
T2_CORE_043,T2_CORE,waist_cat_CDC_T2,integer,,Waist circumference in categories of CDC,waist circumference in categories of CDC,,,,,,,,,,,,,,Anthropo_measures,,,,,,,Questionnaire,Participant
T2_CORE_044,T2_CORE,agekat_T2,integer,,One-year age categories,Age category (one-year),,,,,,Age,,,,,,,,,,,,,,Other_admin_info,Questionnaire,Participant
T2_CORE_045,T2_CORE,agekat__T2,integer,,One-year age categories.,Age category (one-year),,,,,,Age,,,,,,,,,,,,,,Other_admin_info,Questionnaire,Participant
T2_CORE_046,T2_CORE,ag_T2,integer,,Age groups,Age group,,,,,,Age,,,,,,,,,,,,,,Other_admin_info,Questionnaire,Participant
T2_CORE_047,T2_CORE,gen_studies_T2,integer,,Children included in genetic studies,Children included in genetic studies,,,,,,,,,,,,,,,,,,Genomics,,Other_admin_info,Questionnaire,Participant
T2_CORE_048,T2_CORE,CC_Obesity_T2,integer,,Children in case control study - obesity,Children in case control study: obesity,,,,,,,,,,,,,,Anthropo_measures,,,Endocrine_metabolic_dis,,,Other_admin_info,Questionnaire,Participant
T2_CORE_049,T2_CORE,CC_Insulin_T2,integer,,Children in case control study - insulin resistance,Children in case control study: insulin resistance,,,,,,,,,,,,,,,,,Endocrine_metabolic_dis,,,Other_admin_info,Questionnaire,Participant
T2_CORE_050,T2_CORE,CC_Stiffness_T2,integer,,Children in case control study - bone stiffness,Children in case control study: bone stiffness,,,,,,,,,,,,,,Muscles_skeleton_mobility,,,,,,Other_admin_info,Questionnaire,Participant
T2_CORE_051,T2_CORE,CC_obesity_link_T2,integer,,Children in case control study - Obesity. Variable identifying matching pairs (linkage),Link: Cases/ Controls - Obesity,,,,,,,,,,,,,,Anthropo_measures,,,Endocrine_metabolic_dis,,,Other_admin_info,Questionnaire,Participant
T2_CORE_052,T2_CORE,CC_insu_link_T2,integer,,Children in case control study - insulin resistance. Variable identifying matching pairs (linkage),Link: Cases/ Controls - Insulin,,,,,,,,,,,,,,,,,Endocrine_metabolic_dis,,,Other_admin_info,Questionnaire,Participant
T2_CORE_053,T2_CORE,CC_stiff_link_T2,integer,,Children in case control study - bone stiffness. Variable identifying matching pairs (linkage),Link: Cases/ Controls - Stiffness,,,,,,,,,,,,,,Muscles_skeleton_mobility,,,,,,Other_admin_info,Questionnaire,Participant
T2_CORE_054,T2_CORE,ATT_FV_1_T2,integer,,Fruit and/or vegetables frequency ,fruit and/or vegetables frequency ,,,,,,,Parenting,,,Beliefs_values,Nutrition,,,,,,,,,,Questionnaire,Participant
T2_CORE_055,T2_CORE,ATT_FV_1_week_T2,integer,,Fruit and/or vegetables frequency [times/week],fruit and/or vegetables frequency [times/week],,,,,,,Parenting,,,,Nutrition,,,,,,,,,,Questionnaire,Participant
T2_CORE_056,T2_CORE,FV_2_T2,decimal,,Fresh vs. preserved fruit ratio,fresh vs. preserved fruit ratio,,,,,,,Parenting,,,Beliefs_values,Nutrition,,,,,,,,,,Questionnaire,Participant
T2_CORE_057,T2_CORE,distwalkcy_T2,decimal,,Distance of active transportation [km/day],"Distance to kindergarten, pre-school or school by walking or cycling [km/day]",,,,,,,,,Other_school_work,,,,,,,,,,Neighborhood,,Questionnaire,Participant
T2_CORE_058,T2_CORE,PHYS_ACTIV_T2,integer,,Hours of physical activity per week [h/week],Physical Activity [h/week],,,,,,,Parenting,,,Beliefs_values,Phys_act,,,,,,,,,,Questionnaire,Participant
T2_CORE_059,T2_CORE,LEIS_ACTIV_T2,integer,,Hours of leisure time activities per week [h/week],Leisure Activity [h/week],,,,,,,Parenting,,,Beliefs_values,Leisure_act,,,,,,,,,,Questionnaire,Participant
T2_CORE_060,T2_CORE,AVM_1_weekday_T2,decimal,,Time spent with audiovisual media (AVM) on weekdays [h],time spent with audiovisual media (AVM) on weekdays [h],,,,,,,Parenting,,,Beliefs_values,Tech_devices,,,,,,,,,,Questionnaire,Participant
T2_CORE_061,T2_CORE,AVM_1_weekendday_T2,decimal,,Time spent with audiovisual media (AVM) on weekend-days [h],time spent with audiovisual media (AVM) on weekend-days [h],,,,,,,Parenting,,,Beliefs_values,Tech_devices,,,,,,,,,,Questionnaire,Participant
T2_CORE_062,T2_CORE,AVM_1_week_T2,decimal,,Time spent with audiovisual media (AVM) during the whole week [h],time spent with audiovisual media (AVM) during the whole week [h],,,,,,,Parenting,,,Beliefs_values,Tech_devices,,,,,,,,,,Questionnaire,Participant
